[
    {
        "ip": "20.241.236.196",
        "port": 3128,
        "geolocation": {
            "status": "success",
            "country": "United States",
            "countryCode": "US",
            "region": "VA",
            "regionName": "Virginia",
            "city": "Boydton",
            "zip": "23917",
            "lat": 36.677696,
            "lon": -78.37471,
            "timezone": "America/New_York",
            "isp": "Microsoft Corporation",
            "org": "Microsoft Azure Cloud (eastus)",
            "as": "AS8075 Microsoft Corporation",
            "query": "20.241.236.196"
        }
    },
    {
        "ip": "34.98.65.22",
        "port": 5222,
        "geolocation": {
            "status": "success",
            "country": "United States",
            "countryCode": "US",
            "region": "MO",
            "regionName": "Missouri",
            "city": "Kansas City",
            "zip": "",
            "lat": 39.0997,
            "lon": -94.5785,
            "timezone": "America/Chicago",
            "isp": "Google LLC",
            "org": "Google Cloud",
            "as": "AS396982 Google LLC",
            "query": "34.98.65.22"
        }
    },
    {
        "ip": "20.241.236.196",
        "port": 3128,
        "geolocation": {
            "status": "success",
            "country": "United States",
            "countryCode": "US",
            "region": "VA",
            "regionName": "Virginia",
            "city": "Boydton",
            "zip": "23917",
            "lat": 36.677696,
            "lon": -78.37471,
            "timezone": "America/New_York",
            "isp": "Microsoft Corporation",
            "org": "Microsoft Azure Cloud (eastus)",
            "as": "AS8075 Microsoft Corporation",
            "query": "20.241.236.196"
        }
    },
    {
        "ip": "112.118.206.145",
        "port": 8080,
        "geolocation": {
            "status": "success",
            "country": "Hong Kong",
            "countryCode": "HK",
            "region": "HCW",
            "regionName": "Central and Western District",
            "city": "Central",
            "zip": "96521",
            "lat": 22.2908,
            "lon": 114.1501,
            "timezone": "Asia/Hong_Kong",
            "isp": "Hong Kong Telecommunications (HKT) Limited Mass Internet",
            "org": "Hong Kong Telecommunications (HKT) Limited",
            "as": "AS4760 HKT Limited",
            "query": "112.118.206.145"
        }
    },
    {
        "ip": "40.119.236.22",
        "port": 80,
        "geolocation": {
            "status": "success",
            "country": "Singapore",
            "countryCode": "SG",
            "region": "01",
            "regionName": "Central Singapore",
            "city": "Singapore",
            "zip": "168812",
            "lat": 1.283,
            "lon": 103.833,
            "timezone": "Asia/Singapore",
            "isp": "Microsoft Corporation",
            "org": "Microsoft Azure Cloud (southeastasia)",
            "as": "AS8075 Microsoft Corporation",
            "query": "40.119.236.22"
        }
    },
    {
        "ip": "34.98.65.22",
        "port": 5222,
        "geolocation": {
            "status": "success",
            "country": "United States",
            "countryCode": "US",
            "region": "MO",
            "regionName": "Missouri",
            "city": "Kansas City",
            "zip": "",
            "lat": 39.0997,
            "lon": -94.5785,
            "timezone": "America/Chicago",
            "isp": "Google LLC",
            "org": "Google Cloud",
            "as": "AS396982 Google LLC",
            "query": "34.98.65.22"
        }
    },
    {
        "ip": "64.225.4.81",
        "port": 9998,
        "geolocation": {
            "status": "success",
            "country": "United States",
            "countryCode": "US",
            "region": "NJ",
            "regionName": "New Jersey",
            "city": "Clifton",
            "zip": "07014",
            "lat": 40.8364,
            "lon": -74.1403,
            "timezone": "America/New_York",
            "isp": "DigitalOcean, LLC",
            "org": "DigitalOcean, LLC",
            "as": "AS14061 DigitalOcean, LLC",
            "query": "64.225.4.81"
        }
    },
    {
        "ip": "181.189.135.90",
        "port": 8080,
        "geolocation": {
            "status": "success",
            "country": "Guatemala",
            "countryCode": "GT",
            "region": "GU",
            "regionName": "Guatemala",
            "city": "Guatemala City",
            "zip": "01011",
            "lat": 14.6343,
            "lon": -90.5155,
            "timezone": "America/Guatemala",
            "isp": "Comcel Guatemala S.A.",
            "org": "PATSY, S.A",
            "as": "AS23243 COMCEL GUATEMALA S.A.",
            "query": "181.189.135.90"
        }
    },
    {
        "ip": "64.225.4.81",
        "port": 9998,
        "geolocation": {
            "status": "success",
            "country": "United States",
            "countryCode": "US",
            "region": "NJ",
            "regionName": "New Jersey",
            "city": "Clifton",
            "zip": "07014",
            "lat": 40.8364,
            "lon": -74.1403,
            "timezone": "America/New_York",
            "isp": "DigitalOcean, LLC",
            "org": "DigitalOcean, LLC",
            "as": "AS14061 DigitalOcean, LLC",
            "query": "64.225.4.81"
        }
    },
    {
        "ip": "80.64.142.115",
        "port": 31337,
        "geolocation": {
            "status": "success",
            "country": "Austria",
            "countryCode": "AT",
            "region": "9",
            "regionName": "Vienna",
            "city": "Vienna",
            "zip": "1210",
            "lat": 48.2695,
            "lon": 16.4104,
            "timezone": "Europe/Vienna",
            "isp": "NETPLANET GmbH",
            "org": "carrier66.net NetWork VIENNA",
            "as": "AS24953 NETPLANET GmbH",
            "query": "80.64.142.115"
        }
    },
    {
        "ip": "113.53.231.133",
        "port": 3129,
        "geolocation": {
            "status": "success",
            "country": "Thailand",
            "countryCode": "TH",
            "region": "72",
            "regionName": "Suphanburi",
            "city": "Ban Pho",
            "zip": "72000",
            "lat": 14.576,
            "lon": 100.0286,
            "timezone": "Asia/Bangkok",
            "isp": "TOT Public Company Limited",
            "org": "Institute of Physical Education - Trang College",
            "as": "AS131293 TOT Public Company Limited",
            "query": "113.53.231.133"
        }
    },
    {
        "ip": "8.219.97.248",
        "port": 80,
        "geolocation": {
            "status": "success",
            "country": "Singapore",
            "countryCode": "SG",
            "region": "03",
            "regionName": "North West",
            "city": "Singapore",
            "zip": "858877",
            "lat": 1.35208,
            "lon": 103.82,
            "timezone": "Asia/Singapore",
            "isp": "Alibaba (US) Technology Co., Ltd.",
            "org": "Alibaba.com Singapore E-Commerce Private Limited",
            "as": "AS45102 Alibaba (US) Technology Co., Ltd.",
            "query": "8.219.97.248"
        }
    },
    {
        "ip": "51.159.0.236",
        "port": 3128,
        "geolocation": {
            "status": "success",
            "country": "France",
            "countryCode": "FR",
            "region": "IDF",
            "regionName": "\u00cele-de-France",
            "city": "Paris",
            "zip": "75001",
            "lat": 48.8323,
            "lon": 2.4075,
            "timezone": "Europe/Paris",
            "isp": "SCALEWAY",
            "org": "ONLINE",
            "as": "AS12876 ONLINE S.A.S.",
            "query": "51.159.0.236"
        }
    },
    {
        "ip": "103.69.108.78",
        "port": 8191,
        "geolocation": {
            "status": "success",
            "country": "Philippines",
            "countryCode": "PH",
            "region": "02",
            "regionName": "Cagayan Valley",
            "city": "Santiago",
            "zip": "3311",
            "lat": 16.8835,
            "lon": 121.938,
            "timezone": "Asia/Manila",
            "isp": "CITI Cableworld Inc.",
            "org": "CITI Cableworld Inc",
            "as": "AS131306 CITI Cableworld Inc.",
            "query": "103.69.108.78"
        }
    },
    {
        "ip": "115.144.101.201",
        "port": 10001,
        "geolocation": {
            "status": "success",
            "country": "South Korea",
            "countryCode": "KR",
            "region": "11",
            "regionName": "Seoul",
            "city": "Gangdong-gu",
            "zip": "053",
            "lat": 37.5554,
            "lon": 127.1515,
            "timezone": "Asia/Seoul",
            "isp": "Korea Telecom",
            "org": "HAIonNet",
            "as": "AS4766 Korea Telecom",
            "query": "115.144.101.201"
        }
    },
    {
        "ip": "200.105.215.22",
        "port": 33630,
        "geolocation": {
            "status": "success",
            "country": "Bolivia",
            "countryCode": "BO",
            "region": "L",
            "regionName": "La Paz Department",
            "city": "La Paz",
            "zip": "",
            "lat": -16.5002,
            "lon": -68.1493,
            "timezone": "America/La_Paz",
            "isp": "AXS Bolivia S. A.",
            "org": "AXS Bolivia S. A",
            "as": "AS26210 AXS Bolivia S. A.",
            "query": "200.105.215.22"
        }
    },
    {
        "ip": "128.140.63.196",
        "port": 8080,
        "geolocation": {
            "status": "success",
            "country": "Germany",
            "countryCode": "DE",
            "region": "BY",
            "regionName": "Bavaria",
            "city": "Nuremberg",
            "zip": "90403",
            "lat": 49.4521,
            "lon": 11.0767,
            "timezone": "Europe/Berlin",
            "isp": "Hetzner Online GmbH",
            "org": "Hetzner Online GmbH",
            "as": "AS24940 Hetzner Online GmbH",
            "query": "128.140.63.196"
        }
    },
    {
        "ip": "34.98.65.22",
        "port": 5222,
        "geolocation": {
            "status": "success",
            "country": "United States",
            "countryCode": "US",
            "region": "MO",
            "regionName": "Missouri",
            "city": "Kansas City",
            "zip": "",
            "lat": 39.0997,
            "lon": -94.5785,
            "timezone": "America/Chicago",
            "isp": "Google LLC",
            "org": "Google Cloud",
            "as": "AS396982 Google LLC",
            "query": "34.98.65.22"
        }
    },
    {
        "ip": "65.109.175.185",
        "port": 8080,
        "geolocation": {
            "status": "success",
            "country": "Finland",
            "countryCode": "FI",
            "region": "18",
            "regionName": "Uusimaa",
            "city": "Helsinki",
            "zip": "00131",
            "lat": 60.1797,
            "lon": 24.9344,
            "timezone": "Europe/Helsinki",
            "isp": "Hetzner Online GmbH",
            "org": "Hetzner Online GmbH",
            "as": "AS24940 Hetzner Online GmbH",
            "query": "65.109.175.185"
        }
    },
    {
        "ip": "135.181.150.104",
        "port": 8080,
        "geolocation": {
            "status": "success",
            "country": "Finland",
            "countryCode": "FI",
            "region": "18",
            "regionName": "Uusimaa",
            "city": "Helsinki",
            "zip": "00100",
            "lat": 60.1719,
            "lon": 24.9347,
            "timezone": "Europe/Helsinki",
            "isp": "Hetzner Online GmbH",
            "org": "Hetzner",
            "as": "AS24940 Hetzner Online GmbH",
            "query": "135.181.150.104"
        }
    },
    {
        "ip": "181.189.135.90",
        "port": 8080,
        "geolocation": {
            "status": "success",
            "country": "Guatemala",
            "countryCode": "GT",
            "region": "GU",
            "regionName": "Guatemala",
            "city": "Guatemala City",
            "zip": "01011",
            "lat": 14.6343,
            "lon": -90.5155,
            "timezone": "America/Guatemala",
            "isp": "Comcel Guatemala S.A.",
            "org": "PATSY, S.A",
            "as": "AS23243 COMCEL GUATEMALA S.A.",
            "query": "181.189.135.90"
        }
    },
    {
        "ip": "5.196.111.29",
        "port": 20034,
        "geolocation": {
            "status": "success",
            "country": "France",
            "countryCode": "FR",
            "region": "OCC",
            "regionName": "Occitanie",
            "city": "Le Grau-du-Roi",
            "zip": "30240",
            "lat": 43.5377,
            "lon": 4.1308,
            "timezone": "Europe/Paris",
            "isp": "OVH SAS",
            "org": "AyUs Jose Maria",
            "as": "AS16276 OVH SAS",
            "query": "5.196.111.29"
        }
    },
    {
        "ip": "111.224.213.113",
        "port": 8089,
        "geolocation": {
            "status": "success",
            "country": "China",
            "countryCode": "CN",
            "region": "HE",
            "regionName": "Hebei",
            "city": "Shijiazhuang",
            "zip": "",
            "lat": 38.036,
            "lon": 114.4654,
            "timezone": "Asia/Shanghai",
            "isp": "Chinanet",
            "org": "Chinanet HE",
            "as": "AS4134 CHINANET-BACKBONE",
            "query": "111.224.213.113"
        }
    },
    {
        "ip": "92.255.202.78",
        "port": 8080,
        "geolocation": {
            "status": "success",
            "country": "Russia",
            "countryCode": "RU",
            "region": "TA",
            "regionName": "Tatarstan Republic",
            "city": "Kazan\u2019",
            "zip": "420071",
            "lat": 55.7524,
            "lon": 49.1388,
            "timezone": "Europe/Moscow",
            "isp": "CJSC \"ER-Telecom Holding\" Kazan' branch",
            "org": "JSC \"ER-Telecom Holding\" Kazan' Branch",
            "as": "AS41668 JSC \"ER-Telecom Holding\"",
            "query": "92.255.202.78"
        }
    },
    {
        "ip": "115.144.102.39",
        "port": 10080,
        "geolocation": {
            "status": "success",
            "country": "South Korea",
            "countryCode": "KR",
            "region": "11",
            "regionName": "Seoul",
            "city": "Gangdong-gu",
            "zip": "053",
            "lat": 37.5554,
            "lon": 127.1515,
            "timezone": "Asia/Seoul",
            "isp": "Korea Telecom",
            "org": "HAIonNet",
            "as": "AS4766 Korea Telecom",
            "query": "115.144.102.39"
        }
    },
    {
        "ip": "201.76.218.220",
        "port": 9898,
        "geolocation": {
            "status": "success",
            "country": "Brazil",
            "countryCode": "BR",
            "region": "RJ",
            "regionName": "Rio de Janeiro",
            "city": "Rio de Janeiro",
            "zip": "24000",
            "lat": -22.9201,
            "lon": -43.0811,
            "timezone": "America/Sao_Paulo",
            "isp": "Wnet Internet Ltda.",
            "org": "Wnet Internet Ltda",
            "as": "AS28653 WNET INTERNET LTDA.",
            "query": "201.76.218.220"
        }
    },
    {
        "ip": "14.140.131.82",
        "port": 3128,
        "geolocation": {
            "status": "success",
            "country": "India",
            "countryCode": "IN",
            "region": "GJ",
            "regionName": "Gujarat",
            "city": "Ahmedabad",
            "zip": "380008",
            "lat": 23.0276,
            "lon": 72.5871,
            "timezone": "Asia/Kolkata",
            "isp": "Tata Communications Limited",
            "org": "Tata Communications Limited",
            "as": "AS4755 TATA Communications formerly VSNL is Leading ISP",
            "query": "14.140.131.82"
        }
    },
    {
        "ip": "114.102.46.218",
        "port": 8089,
        "geolocation": {
            "status": "success",
            "country": "China",
            "countryCode": "CN",
            "region": "AH",
            "regionName": "Anhui",
            "city": "Hefei",
            "zip": "",
            "lat": 31.8564,
            "lon": 117.2661,
            "timezone": "Asia/Shanghai",
            "isp": "Chinanet",
            "org": "Chinanet AH",
            "as": "AS4134 CHINANET-BACKBONE",
            "query": "114.102.46.218"
        }
    },
    {
        "ip": "186.121.235.66",
        "port": 8080,
        "geolocation": {
            "status": "success",
            "country": "Bolivia",
            "countryCode": "BO",
            "region": "L",
            "regionName": "La Paz Department",
            "city": "La Paz",
            "zip": "",
            "lat": -16.5002,
            "lon": -68.1493,
            "timezone": "America/La_Paz",
            "isp": "AXS Bolivia S. A.",
            "org": "AXS Bolivia S. A",
            "as": "AS26210 AXS Bolivia S. A.",
            "query": "186.121.235.66"
        }
    },
    {
        "ip": "64.225.4.12",
        "port": 9985,
        "geolocation": {
            "status": "success",
            "country": "United States",
            "countryCode": "US",
            "region": "NJ",
            "regionName": "New Jersey",
            "city": "Clifton",
            "zip": "07014",
            "lat": 40.8364,
            "lon": -74.1403,
            "timezone": "America/New_York",
            "isp": "DigitalOcean, LLC",
            "org": "DigitalOcean, LLC",
            "as": "AS14061 DigitalOcean, LLC",
            "query": "64.225.4.12"
        }
    },
    {
        "ip": "122.144.7.134",
        "port": 7777,
        "geolocation": {
            "status": "success",
            "country": "Indonesia",
            "countryCode": "ID",
            "region": "JK",
            "regionName": "Jakarta",
            "city": "Jakarta",
            "zip": "",
            "lat": -6.2114,
            "lon": 106.8446,
            "timezone": "Asia/Jakarta",
            "isp": "Maxindo",
            "org": "",
            "as": "AS38320 PT Maxindo Mitra Solusi",
            "query": "122.144.7.134"
        }
    },
    {
        "ip": "200.105.215.22",
        "port": 33630,
        "geolocation": {
            "status": "success",
            "country": "Bolivia",
            "countryCode": "BO",
            "region": "L",
            "regionName": "La Paz Department",
            "city": "La Paz",
            "zip": "",
            "lat": -16.5002,
            "lon": -68.1493,
            "timezone": "America/La_Paz",
            "isp": "AXS Bolivia S. A.",
            "org": "AXS Bolivia S. A",
            "as": "AS26210 AXS Bolivia S. A.",
            "query": "200.105.215.22"
        }
    },
    {
        "ip": "103.153.185.226",
        "port": 8080,
        "geolocation": {
            "status": "success",
            "country": "Bangladesh",
            "countryCode": "BD",
            "region": "C",
            "regionName": "Dhaka Division",
            "city": "Dhaka",
            "zip": "1000",
            "lat": 23.7272,
            "lon": 90.4093,
            "timezone": "Asia/Dhaka",
            "isp": "Century Link Network",
            "org": "Md Minto Mia",
            "as": "AS140954 CENTURY LINK NETWORK",
            "query": "103.153.185.226"
        }
    },
    {
        "ip": "103.190.230.250",
        "port": 80,
        "geolocation": {
            "status": "success",
            "country": "Indonesia",
            "countryCode": "ID",
            "region": "SN",
            "regionName": "South Sulawesi",
            "city": "Makassar",
            "zip": "",
            "lat": -5.17099,
            "lon": 119.414,
            "timezone": "Asia/Makassar",
            "isp": "PT Mandiri Global Data",
            "org": "PT Mandiri Global Data",
            "as": "AS149921 PT Mandiri Global Data",
            "query": "103.190.230.250"
        }
    },
    {
        "ip": "179.1.95.226",
        "port": 999,
        "geolocation": {
            "status": "success",
            "country": "Colombia",
            "countryCode": "CO",
            "region": "HUI",
            "regionName": "Departamento del Huila",
            "city": "Neiva",
            "zip": "410001",
            "lat": 2.9208,
            "lon": -75.283,
            "timezone": "America/Bogota",
            "isp": "InterNexa Global Network",
            "org": "Internexa S.a. E.S.P",
            "as": "AS262589 INTERNEXA Brasil Operadora de Telecomunica\u00e7\u00f5es S.A",
            "query": "179.1.95.226"
        }
    },
    {
        "ip": "40.119.236.22",
        "port": 80,
        "geolocation": {
            "status": "success",
            "country": "Singapore",
            "countryCode": "SG",
            "region": "01",
            "regionName": "Central Singapore",
            "city": "Singapore",
            "zip": "168812",
            "lat": 1.283,
            "lon": 103.833,
            "timezone": "Asia/Singapore",
            "isp": "Microsoft Corporation",
            "org": "Microsoft Azure Cloud (southeastasia)",
            "as": "AS8075 Microsoft Corporation",
            "query": "40.119.236.22"
        }
    },
    {
        "ip": "154.70.107.81",
        "port": 3128,
        "geolocation": {
            "status": "success",
            "country": "Cameroon",
            "countryCode": "CM",
            "region": "LT",
            "regionName": "Littoral",
            "city": "Douala",
            "zip": "",
            "lat": 4.0505,
            "lon": 9.7023,
            "timezone": "Africa/Douala",
            "isp": "MTN Network Solutions (Cameroon)",
            "org": "Mtnc Corporate",
            "as": "AS30992 MTN Network Solutions (Cameroon)",
            "query": "154.70.107.81"
        }
    },
    {
        "ip": "147.139.168.187",
        "port": 3128,
        "geolocation": {
            "status": "success",
            "country": "Indonesia",
            "countryCode": "ID",
            "region": "JK",
            "regionName": "Jakarta",
            "city": "Jakarta",
            "zip": "",
            "lat": -6.2114,
            "lon": 106.8446,
            "timezone": "Asia/Jakarta",
            "isp": "Alibaba.com LLC",
            "org": "ALICLOUD-ID",
            "as": "AS45102 Alibaba (US) Technology Co., Ltd.",
            "query": "147.139.168.187"
        }
    },
    {
        "ip": "43.136.84.30",
        "port": 8888,
        "geolocation": {
            "status": "success",
            "country": "China",
            "countryCode": "CN",
            "region": "BJ",
            "regionName": "Beijing",
            "city": "Haidian",
            "zip": "",
            "lat": 39.9786,
            "lon": 116.302,
            "timezone": "Asia/Shanghai",
            "isp": "Shenzhen Tencent Computer Systems Company Limited",
            "org": "Tencent Cloud Computing (Beijing) Co., Ltd",
            "as": "AS45090 Shenzhen Tencent Computer Systems Company Limited",
            "query": "43.136.84.30"
        }
    },
    {
        "ip": "62.201.223.5",
        "port": 8585,
        "geolocation": {
            "status": "success",
            "country": "Iraq",
            "countryCode": "IQ",
            "region": "SU",
            "regionName": "Sulaymaniyah",
            "city": "Raniye",
            "zip": "",
            "lat": 36.2543,
            "lon": 44.8827,
            "timezone": "Asia/Baghdad",
            "isp": "NETWORKS-SULY2",
            "org": "",
            "as": "AS44217 IQ Networks for Data and Internet Services Ltd",
            "query": "62.201.223.5"
        }
    },
    {
        "ip": "186.101.84.214",
        "port": 999,
        "geolocation": {
            "status": "success",
            "country": "Ecuador",
            "countryCode": "EC",
            "region": "G",
            "regionName": "Provincia del Guayas",
            "city": "Simon Bolivar",
            "zip": "",
            "lat": -2.1847,
            "lon": -80.3592,
            "timezone": "America/Guayaquil",
            "isp": "Telconet S.A",
            "org": "Clientes Salinas",
            "as": "AS27947 Telconet S.A",
            "query": "186.101.84.214"
        }
    },
    {
        "ip": "20.241.236.196",
        "port": 3128,
        "geolocation": {
            "status": "success",
            "country": "United States",
            "countryCode": "US",
            "region": "VA",
            "regionName": "Virginia",
            "city": "Boydton",
            "zip": "23917",
            "lat": 36.677696,
            "lon": -78.37471,
            "timezone": "America/New_York",
            "isp": "Microsoft Corporation",
            "org": "Microsoft Azure Cloud (eastus)",
            "as": "AS8075 Microsoft Corporation",
            "query": "20.241.236.196"
        }
    },
    {
        "ip": "152.200.189.66",
        "port": 999,
        "geolocation": {
            "status": "success",
            "country": "Colombia",
            "countryCode": "CO",
            "region": "ATL",
            "regionName": "Atl\u00e1ntico",
            "city": "Soledad",
            "zip": "083001",
            "lat": 10.9148,
            "lon": -74.7602,
            "timezone": "America/Bogota",
            "isp": "Colombia Telecomunicaciones S.a. ESP",
            "org": "Colombia Telecomunicaciones S.a. ESP",
            "as": "AS3816 COLOMBIA TELECOMUNICACIONES S.A. ESP",
            "query": "152.200.189.66"
        }
    },
    {
        "ip": "178.18.206.184",
        "port": 53128,
        "geolocation": {
            "status": "success",
            "country": "Turkey",
            "countryCode": "TR",
            "region": "35",
            "regionName": "Izmir",
            "city": "Bayrakli",
            "zip": "35530",
            "lat": 38.4794,
            "lon": 27.1382,
            "timezone": "Europe/Istanbul",
            "isp": "Vargonen Teknoloji ve Bilisim Sanayi Ticaret Anonim Sirketi",
            "org": "",
            "as": "AS50941 Vargonen Teknoloji ve Bilisim Sanayi Ticaret Anonim Sirketi",
            "query": "178.18.206.184"
        }
    },
    {
        "ip": "103.168.44.41",
        "port": 9191,
        "geolocation": {
            "status": "success",
            "country": "Indonesia",
            "countryCode": "ID",
            "region": "JT",
            "regionName": "Central Java",
            "city": "Semarang",
            "zip": "",
            "lat": -6.9932,
            "lon": 110.4215,
            "timezone": "Asia/Jakarta",
            "isp": "PT CYB Media Group",
            "org": "CYB",
            "as": "AS142307 PT CYB Media Group",
            "query": "103.168.44.41"
        }
    },
    {
        "ip": "201.182.251.142",
        "port": 999,
        "geolocation": {
            "status": "success",
            "country": "Colombia",
            "countryCode": "CO",
            "region": "NAR",
            "regionName": "Departamento de Narino",
            "city": "Pasto",
            "zip": "520001",
            "lat": 1.2146,
            "lon": -77.2785,
            "timezone": "America/Bogota",
            "isp": "SP SISTEMAS PALACIOS LTDA",
            "org": "SP SISTEMAS PALACIOS LTDA",
            "as": "AS267708 SP SISTEMAS PALACIOS LTDA",
            "query": "201.182.251.142"
        }
    },
    {
        "ip": "117.69.232.170",
        "port": 8089,
        "geolocation": {
            "status": "success",
            "country": "China",
            "countryCode": "CN",
            "region": "AH",
            "regionName": "Anhui",
            "city": "Rongcheng",
            "zip": "",
            "lat": 30.6007,
            "lon": 117.925,
            "timezone": "Asia/Shanghai",
            "isp": "Chinanet",
            "org": "Chinanet AH",
            "as": "AS4134 CHINANET-BACKBONE",
            "query": "117.69.232.170"
        }
    },
    {
        "ip": "179.1.133.33",
        "port": 999,
        "geolocation": {
            "status": "success",
            "country": "Colombia",
            "countryCode": "CO",
            "region": "NSA",
            "regionName": "Norte de Santander Department",
            "city": "Pamplona",
            "zip": "543050",
            "lat": 7.3728,
            "lon": -72.6538,
            "timezone": "America/Bogota",
            "isp": "InterNexa Global Network",
            "org": "RYO COMUNICACIONES",
            "as": "AS262589 INTERNEXA Brasil Operadora de Telecomunica\u00e7\u00f5es S.A",
            "query": "179.1.133.33"
        }
    },
    {
        "ip": "139.59.249.244",
        "port": 7777,
        "geolocation": {
            "status": "success",
            "country": "Singapore",
            "countryCode": "SG",
            "region": "05",
            "regionName": "South West",
            "city": "Singapore",
            "zip": "627753",
            "lat": 1.32123,
            "lon": 103.695,
            "timezone": "Asia/Singapore",
            "isp": "DigitalOcean, LLC",
            "org": "Digital Ocean",
            "as": "AS14061 DigitalOcean, LLC",
            "query": "139.59.249.244"
        }
    },
    {
        "ip": "181.189.135.90",
        "port": 8080,
        "geolocation": {
            "status": "success",
            "country": "Guatemala",
            "countryCode": "GT",
            "region": "GU",
            "regionName": "Guatemala",
            "city": "Guatemala City",
            "zip": "01011",
            "lat": 14.6343,
            "lon": -90.5155,
            "timezone": "America/Guatemala",
            "isp": "Comcel Guatemala S.A.",
            "org": "PATSY, S.A",
            "as": "AS23243 COMCEL GUATEMALA S.A.",
            "query": "181.189.135.90"
        }
    },
    {
        "ip": "128.140.63.196",
        "port": 8080,
        "geolocation": {
            "status": "success",
            "country": "Germany",
            "countryCode": "DE",
            "region": "BY",
            "regionName": "Bavaria",
            "city": "Nuremberg",
            "zip": "90403",
            "lat": 49.4521,
            "lon": 11.0767,
            "timezone": "Europe/Berlin",
            "isp": "Hetzner Online GmbH",
            "org": "Hetzner Online GmbH",
            "as": "AS24940 Hetzner Online GmbH",
            "query": "128.140.63.196"
        }
    },
    {
        "ip": "103.155.197.49",
        "port": 8080,
        "geolocation": {
            "status": "success",
            "country": "Indonesia",
            "countryCode": "ID",
            "region": "JB",
            "regionName": "West Java",
            "city": "Sindangjaya",
            "zip": "",
            "lat": -6.77,
            "lon": 106.964,
            "timezone": "Asia/Jakarta",
            "isp": "JEMBATANDATA",
            "org": "",
            "as": "AS141071 PT Jembatan Data Pangrango",
            "query": "103.155.197.49"
        }
    },
    {
        "ip": "181.74.81.195",
        "port": 999,
        "geolocation": {
            "status": "success",
            "country": "Chile",
            "countryCode": "CL",
            "region": "VS",
            "regionName": "Region de Valparaiso",
            "city": "Limache",
            "zip": "",
            "lat": -33.0151,
            "lon": -71.2725,
            "timezone": "America/Santiago",
            "isp": "Telmex Servicios Empresariales S.A.",
            "org": "Telmex Servicios Empresariales S.A",
            "as": "AS6535 Telmex Servicios Empresariales S.A.",
            "query": "181.74.81.195"
        }
    },
    {
        "ip": "103.51.21.250",
        "port": 83,
        "geolocation": {
            "status": "success",
            "country": "India",
            "countryCode": "IN",
            "region": "CT",
            "regionName": "Chhattisgarh",
            "city": "Raipur",
            "zip": "492013",
            "lat": 21.2333,
            "lon": 81.6333,
            "timezone": "Asia/Kolkata",
            "isp": "Foxtel Telecommunications Pvt. Ltd.",
            "org": "Foxtel Telecommunications Pvt. Ltd.",
            "as": "AS134004 Foxtel Telecommunications Pvt. Ltd.",
            "query": "103.51.21.250"
        }
    },
    {
        "ip": "78.110.195.242",
        "port": 7080,
        "geolocation": {
            "status": "success",
            "country": "Belgium",
            "countryCode": "BE",
            "region": "VLG",
            "regionName": "Flanders",
            "city": "Liedekerke",
            "zip": "1770",
            "lat": 50.8689,
            "lon": 4.0782,
            "timezone": "Europe/Brussels",
            "isp": "As39721 - DSL",
            "org": "E-leven SA",
            "as": "AS8368 BENESOL BACKBONE",
            "query": "78.110.195.242"
        }
    },
    {
        "ip": "72.14.191.110",
        "port": 8080,
        "geolocation": {
            "status": "success",
            "country": "United States",
            "countryCode": "US",
            "region": "TX",
            "regionName": "Texas",
            "city": "Richardson",
            "zip": "75081",
            "lat": 32.9473,
            "lon": -96.7028,
            "timezone": "America/Chicago",
            "isp": "Akamai Technologies, Inc.",
            "org": "Linode",
            "as": "AS63949 Akamai Connected Cloud",
            "query": "72.14.191.110"
        }
    },
    {
        "ip": "80.194.38.106",
        "port": 3333,
        "geolocation": {
            "status": "success",
            "country": "United Kingdom",
            "countryCode": "GB",
            "region": "ENG",
            "regionName": "England",
            "city": "Manchester",
            "zip": "M40",
            "lat": 53.5058,
            "lon": -2.2209,
            "timezone": "Europe/London",
            "isp": "Virgin Media Limited",
            "org": "Insight Investment",
            "as": "AS5089 Virgin Media Limited",
            "query": "80.194.38.106"
        }
    },
    {
        "ip": "135.181.150.104",
        "port": 8080,
        "geolocation": {
            "status": "success",
            "country": "Finland",
            "countryCode": "FI",
            "region": "18",
            "regionName": "Uusimaa",
            "city": "Helsinki",
            "zip": "00100",
            "lat": 60.1719,
            "lon": 24.9347,
            "timezone": "Europe/Helsinki",
            "isp": "Hetzner Online GmbH",
            "org": "Hetzner",
            "as": "AS24940 Hetzner Online GmbH",
            "query": "135.181.150.104"
        }
    },
    {
        "ip": "142.147.114.50",
        "port": 8080,
        "geolocation": {
            "status": "success",
            "country": "United States",
            "countryCode": "US",
            "region": "TX",
            "regionName": "Texas",
            "city": "Weatherford",
            "zip": "76085",
            "lat": 32.7692,
            "lon": -97.7515,
            "timezone": "America/Chicago",
            "isp": "Nextlink Broadband",
            "org": "Nextlink Broadband",
            "as": "AS26077 Nextlink Broadband",
            "query": "142.147.114.50"
        }
    },
    {
        "ip": "40.119.236.22",
        "port": 80,
        "geolocation": {
            "status": "success",
            "country": "Singapore",
            "countryCode": "SG",
            "region": "01",
            "regionName": "Central Singapore",
            "city": "Singapore",
            "zip": "168812",
            "lat": 1.283,
            "lon": 103.833,
            "timezone": "Asia/Singapore",
            "isp": "Microsoft Corporation",
            "org": "Microsoft Azure Cloud (southeastasia)",
            "as": "AS8075 Microsoft Corporation",
            "query": "40.119.236.22"
        }
    },
    {
        "ip": "65.109.175.185",
        "port": 8080,
        "geolocation": {
            "status": "success",
            "country": "Finland",
            "countryCode": "FI",
            "region": "18",
            "regionName": "Uusimaa",
            "city": "Helsinki",
            "zip": "00131",
            "lat": 60.1797,
            "lon": 24.9344,
            "timezone": "Europe/Helsinki",
            "isp": "Hetzner Online GmbH",
            "org": "Hetzner Online GmbH",
            "as": "AS24940 Hetzner Online GmbH",
            "query": "65.109.175.185"
        }
    },
    {
        "ip": "41.57.141.24",
        "port": 6060,
        "geolocation": {
            "status": "success",
            "country": "South Africa",
            "countryCode": "ZA",
            "region": "LP",
            "regionName": "Limpopo",
            "city": "Lephalale",
            "zip": "0555",
            "lat": -23.6668,
            "lon": 27.7291,
            "timezone": "Africa/Johannesburg",
            "isp": "SCr Ellisras",
            "org": "",
            "as": "AS22750 BCS Group (BCSNet)",
            "query": "41.57.141.24"
        }
    },
    {
        "ip": "103.136.162.246",
        "port": 8181,
        "geolocation": {
            "status": "success",
            "country": "Indonesia",
            "countryCode": "ID",
            "region": "SS",
            "regionName": "South Sumatra",
            "city": "Palembang",
            "zip": "",
            "lat": -2.9146,
            "lon": 104.7535,
            "timezone": "Asia/Jakarta",
            "isp": "TPN-LINK",
            "org": "",
            "as": "AS138814 PT Telemedia Prima Nusantara",
            "query": "103.136.162.246"
        }
    },
    {
        "ip": "103.160.206.83",
        "port": 32650,
        "geolocation": {
            "status": "success",
            "country": "India",
            "countryCode": "IN",
            "region": "UP",
            "regionName": "Uttar Pradesh",
            "city": "Moradabad",
            "zip": "244001",
            "lat": 28.8395,
            "lon": 78.7699,
            "timezone": "Asia/Kolkata",
            "isp": "Moradabad Internet Services Private Limited",
            "org": "Speed Infotech Solutions",
            "as": "AS135182 MORADABAD INTERNET SERVICES PRIVATE LIMITED",
            "query": "103.160.206.83"
        }
    },
    {
        "ip": "64.225.4.85",
        "port": 9984,
        "geolocation": {
            "status": "success",
            "country": "United States",
            "countryCode": "US",
            "region": "NJ",
            "regionName": "New Jersey",
            "city": "Clifton",
            "zip": "07014",
            "lat": 40.8364,
            "lon": -74.1403,
            "timezone": "America/New_York",
            "isp": "DigitalOcean, LLC",
            "org": "DigitalOcean, LLC",
            "as": "AS14061 DigitalOcean, LLC",
            "query": "64.225.4.85"
        }
    },
    {
        "ip": "144.217.240.185",
        "port": 9300,
        "geolocation": {
            "status": "success",
            "country": "Canada",
            "countryCode": "CA",
            "region": "QC",
            "regionName": "Quebec",
            "city": "Beauharnois",
            "zip": "J6N",
            "lat": 45.3161,
            "lon": -73.8736,
            "timezone": "America/Toronto",
            "isp": "OVH SAS",
            "org": "OVH Hosting, Inc.",
            "as": "AS16276 OVH SAS",
            "query": "144.217.240.185"
        }
    },
    {
        "ip": "201.71.2.4",
        "port": 999,
        "geolocation": {
            "status": "success",
            "country": "Venezuela",
            "countryCode": "VE",
            "region": "A",
            "regionName": "Distrito Federal",
            "city": "Caracas",
            "zip": "",
            "lat": 10.4873,
            "lon": -66.8738,
            "timezone": "America/Caracas",
            "isp": "Level 3 Communications, Inc.",
            "org": "Inversiones FAROCA",
            "as": "AS3549 Level 3 Parent, LLC",
            "query": "201.71.2.4"
        }
    },
    {
        "ip": "195.138.90.226",
        "port": 3128,
        "geolocation": {
            "status": "success",
            "country": "Ukraine",
            "countryCode": "UA",
            "region": "51",
            "regionName": "Odessa",
            "city": "Odesa",
            "zip": "65000",
            "lat": 46.4752,
            "lon": 30.7338,
            "timezone": "Europe/Kyiv",
            "isp": "TeNeT Networking Centre",
            "org": "",
            "as": "AS6876 TENET Scientific Production Enterprise LLC",
            "query": "195.138.90.226"
        }
    },
    {
        "ip": "103.184.50.26",
        "port": 8080,
        "geolocation": {
            "status": "success",
            "country": "Indonesia",
            "countryCode": "ID",
            "region": "JT",
            "regionName": "Central Java",
            "city": "Sragen",
            "zip": "",
            "lat": -7.4276,
            "lon": 111.0233,
            "timezone": "Asia/Jakarta",
            "isp": "PT Aktech Digital Solutions",
            "org": "PT Aktech Digital Solutions",
            "as": "AS149672 PT Aktech Digital Solutions",
            "query": "103.184.50.26"
        }
    },
    {
        "ip": "212.174.55.151",
        "port": 8080,
        "geolocation": {
            "status": "success",
            "country": "Turkey",
            "countryCode": "TR",
            "region": "34",
            "regionName": "Istanbul",
            "city": "Istanbul",
            "zip": "34010",
            "lat": 41.0247,
            "lon": 28.9252,
            "timezone": "Europe/Istanbul",
            "isp": "TurkTelecom",
            "org": "Turk Telekomunikasyon A.S",
            "as": "AS47331 TTNet A.S.",
            "query": "212.174.55.151"
        }
    },
    {
        "ip": "64.225.4.63",
        "port": 9998,
        "geolocation": {
            "status": "success",
            "country": "United States",
            "countryCode": "US",
            "region": "NJ",
            "regionName": "New Jersey",
            "city": "Clifton",
            "zip": "07014",
            "lat": 40.8364,
            "lon": -74.1403,
            "timezone": "America/New_York",
            "isp": "DigitalOcean, LLC",
            "org": "DigitalOcean, LLC",
            "as": "AS14061 DigitalOcean, LLC",
            "query": "64.225.4.63"
        }
    },
    {
        "ip": "64.225.4.63",
        "port": 9998,
        "geolocation": {
            "status": "success",
            "country": "United States",
            "countryCode": "US",
            "region": "NJ",
            "regionName": "New Jersey",
            "city": "Clifton",
            "zip": "07014",
            "lat": 40.8364,
            "lon": -74.1403,
            "timezone": "America/New_York",
            "isp": "DigitalOcean, LLC",
            "org": "DigitalOcean, LLC",
            "as": "AS14061 DigitalOcean, LLC",
            "query": "64.225.4.63"
        }
    },
    {
        "ip": "103.148.192.74",
        "port": 8080,
        "geolocation": {
            "status": "success",
            "country": "Indonesia",
            "countryCode": "ID",
            "region": "JB",
            "regionName": "West Java",
            "city": "Bandung",
            "zip": "",
            "lat": -6.92204,
            "lon": 107.617,
            "timezone": "Asia/Jakarta",
            "isp": "PT. Akashia Thuba Jaya",
            "org": "",
            "as": "AS139995 PT. Akashia Thuba Jaya",
            "query": "103.148.192.74"
        }
    },
    {
        "ip": "104.37.102.130",
        "port": 8181,
        "geolocation": {
            "status": "success",
            "country": "United States",
            "countryCode": "US",
            "region": "IN",
            "regionName": "Indiana",
            "city": "Attica",
            "zip": "47918",
            "lat": 40.275,
            "lon": -87.2266,
            "timezone": "America/Indiana/Indianapolis",
            "isp": "ALTIUS Broadband, LLC",
            "org": "ALTIUS Broadband, LLC",
            "as": "AS63060 ALTIUS Broadband, LLC",
            "query": "104.37.102.130"
        }
    },
    {
        "ip": "64.225.8.132",
        "port": 9996,
        "geolocation": {
            "status": "success",
            "country": "United States",
            "countryCode": "US",
            "region": "NJ",
            "regionName": "New Jersey",
            "city": "Clifton",
            "zip": "07014",
            "lat": 40.8364,
            "lon": -74.1403,
            "timezone": "America/New_York",
            "isp": "DigitalOcean, LLC",
            "org": "DigitalOcean, LLC",
            "as": "AS14061 DigitalOcean, LLC",
            "query": "64.225.8.132"
        }
    },
    {
        "ip": "36.89.229.97",
        "port": 59707,
        "geolocation": {
            "status": "success",
            "country": "Indonesia",
            "countryCode": "ID",
            "region": "JK",
            "regionName": "Jakarta",
            "city": "Jakarta",
            "zip": "",
            "lat": -6.18104,
            "lon": 106.826,
            "timezone": "Asia/Jakarta",
            "isp": "PT. Telekomunikasi Indonesia",
            "org": "Telekomunikasi Indonesia",
            "as": "AS7713 PT Telekomunikasi Indonesia",
            "query": "36.89.229.97"
        }
    },
    {
        "ip": "20.69.79.158",
        "port": 8443,
        "geolocation": {
            "status": "success",
            "country": "United States",
            "countryCode": "US",
            "region": "WA",
            "regionName": "Washington",
            "city": "Quincy",
            "zip": "98848",
            "lat": 47.233,
            "lon": -119.852,
            "timezone": "America/Los_Angeles",
            "isp": "Microsoft Corporation",
            "org": "Microsoft Azure Cloud (westus2)",
            "as": "AS8075 Microsoft Corporation",
            "query": "20.69.79.158"
        }
    },
    {
        "ip": "200.12.48.243",
        "port": 999,
        "geolocation": {
            "status": "success",
            "country": "Guatemala",
            "countryCode": "GT",
            "region": "GU",
            "regionName": "Guatemala",
            "city": "Guatemala City",
            "zip": "01010",
            "lat": 14.6343,
            "lon": -90.5155,
            "timezone": "America/Guatemala",
            "isp": "Navega.com S.A.",
            "org": "Servicios Innovadores de Comunicaci\u00f3n y Entretenimiento, S.A",
            "as": "AS26617 Navega.com S.A.",
            "query": "200.12.48.243"
        }
    },
    {
        "ip": "201.182.251.142",
        "port": 999,
        "geolocation": {
            "status": "success",
            "country": "Colombia",
            "countryCode": "CO",
            "region": "NAR",
            "regionName": "Departamento de Narino",
            "city": "Pasto",
            "zip": "520001",
            "lat": 1.2146,
            "lon": -77.2785,
            "timezone": "America/Bogota",
            "isp": "SP SISTEMAS PALACIOS LTDA",
            "org": "SP SISTEMAS PALACIOS LTDA",
            "as": "AS267708 SP SISTEMAS PALACIOS LTDA",
            "query": "201.182.251.142"
        }
    },
    {
        "ip": "190.71.229.46",
        "port": 9992,
        "geolocation": {
            "status": "success",
            "country": "Colombia",
            "countryCode": "CO",
            "region": "ANT",
            "regionName": "Antioquia",
            "city": "Medell\u00edn",
            "zip": "050029",
            "lat": 6.2529,
            "lon": -75.5646,
            "timezone": "America/Bogota",
            "isp": "EPM Telecomunicaciones S.A. E.S.P.",
            "org": "EPM Telecomunicaciones S.A. E.S.P",
            "as": "AS13489 EPM Telecomunicaciones S.A. E.S.P.",
            "query": "190.71.229.46"
        }
    },
    {
        "ip": "200.105.215.22",
        "port": 33630,
        "geolocation": {
            "status": "success",
            "country": "Bolivia",
            "countryCode": "BO",
            "region": "L",
            "regionName": "La Paz Department",
            "city": "La Paz",
            "zip": "",
            "lat": -16.5002,
            "lon": -68.1493,
            "timezone": "America/La_Paz",
            "isp": "AXS Bolivia S. A.",
            "org": "AXS Bolivia S. A",
            "as": "AS26210 AXS Bolivia S. A.",
            "query": "200.105.215.22"
        }
    },
    {
        "ip": "34.98.65.22",
        "port": 5222,
        "geolocation": {
            "status": "success",
            "country": "United States",
            "countryCode": "US",
            "region": "MO",
            "regionName": "Missouri",
            "city": "Kansas City",
            "zip": "",
            "lat": 39.0997,
            "lon": -94.5785,
            "timezone": "America/Chicago",
            "isp": "Google LLC",
            "org": "Google Cloud",
            "as": "AS396982 Google LLC",
            "query": "34.98.65.22"
        }
    },
    {
        "ip": "103.181.168.193",
        "port": 8080,
        "geolocation": {
            "status": "success",
            "country": "India",
            "countryCode": "IN",
            "region": "TN",
            "regionName": "Tamil Nadu",
            "city": "Madurai",
            "zip": "625002",
            "lat": 9.9327,
            "lon": 78.1141,
            "timezone": "Asia/Kolkata",
            "isp": "Mrkr Communications Private Limited",
            "org": "Mrkr Communications Private Limited",
            "as": "AS149533 MRKR COMMUNICATIONS PRIVATE LIMITED",
            "query": "103.181.168.193"
        }
    },
    {
        "ip": "125.99.34.94",
        "port": 8080,
        "geolocation": {
            "status": "success",
            "country": "India",
            "countryCode": "IN",
            "region": "MH",
            "regionName": "Maharashtra",
            "city": "Mumbai",
            "zip": "400070",
            "lat": 19.0748,
            "lon": 72.8856,
            "timezone": "Asia/Kolkata",
            "isp": "Hathway IP over Cable Internet Access",
            "org": "",
            "as": "AS17488 Hathway IP Over Cable Internet",
            "query": "125.99.34.94"
        }
    },
    {
        "ip": "103.215.207.50",
        "port": 83,
        "geolocation": {
            "status": "success",
            "country": "India",
            "countryCode": "IN",
            "region": "CT",
            "regionName": "Chhattisgarh",
            "city": "Bhatapara",
            "zip": "493118",
            "lat": 21.737,
            "lon": 81.9455,
            "timezone": "Asia/Kolkata",
            "isp": "Foxtel Telecommunications Pvt. Ltd.",
            "org": "Gurudev Communication",
            "as": "AS134004 Foxtel Telecommunications Pvt. Ltd.",
            "query": "103.215.207.50"
        }
    },
    {
        "ip": "124.121.104.243",
        "port": 8080,
        "geolocation": {
            "status": "success",
            "country": "Thailand",
            "countryCode": "TH",
            "region": "10",
            "regionName": "Bangkok",
            "city": "Bangkok",
            "zip": "10100",
            "lat": 13.7366,
            "lon": 100.4995,
            "timezone": "Asia/Bangkok",
            "isp": "TRUEBB",
            "org": "",
            "as": "AS17552 True Online",
            "query": "124.121.104.243"
        }
    },
    {
        "ip": "41.220.238.130",
        "port": 82,
        "geolocation": {
            "status": "success",
            "country": "Kenya",
            "countryCode": "KE",
            "region": "31",
            "regionName": "Nakuru",
            "city": "Naivasha",
            "zip": "",
            "lat": -0.7168,
            "lon": 36.4273,
            "timezone": "Africa/Nairobi",
            "isp": "Liquid Telecommunications Ltd",
            "org": "KDN Staff",
            "as": "AS30844 Liquid Telecommunications Ltd",
            "query": "41.220.238.130"
        }
    },
    {
        "ip": "122.155.165.191",
        "port": 3128,
        "geolocation": {
            "status": "success",
            "country": "Thailand",
            "countryCode": "TH",
            "region": "10",
            "regionName": "Bangkok",
            "city": "Ratchathewi",
            "zip": "10400",
            "lat": 13.7544,
            "lon": 100.542,
            "timezone": "Asia/Bangkok",
            "isp": "CAT Telecom Public Company Limited",
            "org": "National Telecom Public Company Limited",
            "as": "AS9335 CAT Telecom Public Company Limited",
            "query": "122.155.165.191"
        }
    },
    {
        "ip": "103.10.58.205",
        "port": 8080,
        "geolocation": {
            "status": "success",
            "country": "Indonesia",
            "countryCode": "ID",
            "region": "JK",
            "regionName": "Jakarta",
            "city": "Manggadua Selatan",
            "zip": "",
            "lat": -6.2208,
            "lon": 106.8403,
            "timezone": "Asia/Jakarta",
            "isp": "PT SUMBER KONEKSI INDOTELEMATIKA",
            "org": "Skinet",
            "as": "AS56242 PT SUMBER KONEKSI INDOTELEMATIKA",
            "query": "103.10.58.205"
        }
    },
    {
        "ip": "222.127.153.100",
        "port": 8082,
        "geolocation": {
            "status": "success",
            "country": "Philippines",
            "countryCode": "PH",
            "region": "40",
            "regionName": "Calabarzon",
            "city": "Carmona",
            "zip": "4116",
            "lat": 14.3114,
            "lon": 121.0554,
            "timezone": "Asia/Manila",
            "isp": "Globe Telecom",
            "org": "",
            "as": "AS132199 Globe Telecom Inc.",
            "query": "222.127.153.100"
        }
    },
    {
        "ip": "181.13.254.54",
        "port": 999,
        "geolocation": {
            "status": "success",
            "country": "Argentina",
            "countryCode": "AR",
            "region": "K",
            "regionName": "Catamarca",
            "city": "Andalgala",
            "zip": "4740",
            "lat": -27.6009,
            "lon": -66.3123,
            "timezone": "America/Argentina/Catamarca",
            "isp": "Telecom Argentina S.A.",
            "org": "Telecom Personal Bs",
            "as": "AS7303 Telecom Argentina S.A.",
            "query": "181.13.254.54"
        }
    },
    {
        "ip": "103.48.68.37",
        "port": 82,
        "geolocation": {
            "status": "success",
            "country": "India",
            "countryCode": "IN",
            "region": "TG",
            "regionName": "Telangana",
            "city": "Hyderabad",
            "zip": "500008",
            "lat": 17.411,
            "lon": 78.4487,
            "timezone": "Asia/Kolkata",
            "isp": "Country Online Services PVT LTD",
            "org": "Country Online Services PVT LTD",
            "as": "AS17754 Excellmedia",
            "query": "103.48.68.37"
        }
    },
    {
        "ip": "81.12.44.197",
        "port": 3129,
        "geolocation": {
            "status": "success",
            "country": "Iran",
            "countryCode": "IR",
            "region": "23",
            "regionName": "Tehran",
            "city": "Tehran",
            "zip": "",
            "lat": 35.7446,
            "lon": 51.4082,
            "timezone": "Asia/Tehran",
            "isp": "RESPINA Networks",
            "org": "",
            "as": "AS42337 Respina Networks & Beyond PJSC",
            "query": "81.12.44.197"
        }
    },
    {
        "ip": "135.181.150.104",
        "port": 8080,
        "geolocation": {
            "status": "success",
            "country": "Finland",
            "countryCode": "FI",
            "region": "18",
            "regionName": "Uusimaa",
            "city": "Helsinki",
            "zip": "00100",
            "lat": 60.1719,
            "lon": 24.9347,
            "timezone": "Europe/Helsinki",
            "isp": "Hetzner Online GmbH",
            "org": "Hetzner",
            "as": "AS24940 Hetzner Online GmbH",
            "query": "135.181.150.104"
        }
    },
    {
        "ip": "179.1.95.226",
        "port": 999,
        "geolocation": {
            "status": "success",
            "country": "Colombia",
            "countryCode": "CO",
            "region": "HUI",
            "regionName": "Departamento del Huila",
            "city": "Neiva",
            "zip": "410001",
            "lat": 2.9208,
            "lon": -75.283,
            "timezone": "America/Bogota",
            "isp": "InterNexa Global Network",
            "org": "Internexa S.a. E.S.P",
            "as": "AS262589 INTERNEXA Brasil Operadora de Telecomunica\u00e7\u00f5es S.A",
            "query": "179.1.95.226"
        }
    },
    {
        "ip": "64.225.4.12",
        "port": 9985,
        "geolocation": {
            "status": "success",
            "country": "United States",
            "countryCode": "US",
            "region": "NJ",
            "regionName": "New Jersey",
            "city": "Clifton",
            "zip": "07014",
            "lat": 40.8364,
            "lon": -74.1403,
            "timezone": "America/New_York",
            "isp": "DigitalOcean, LLC",
            "org": "DigitalOcean, LLC",
            "as": "AS14061 DigitalOcean, LLC",
            "query": "64.225.4.12"
        }
    },
    {
        "ip": "158.69.73.79",
        "port": 9300,
        "geolocation": {
            "status": "success",
            "country": "Canada",
            "countryCode": "CA",
            "region": "QC",
            "regionName": "Quebec",
            "city": "Montreal",
            "zip": "H3H",
            "lat": 45.5075,
            "lon": -73.5887,
            "timezone": "America/Toronto",
            "isp": "OVH SAS",
            "org": "OVH Hosting, Inc.",
            "as": "AS16276 OVH SAS",
            "query": "158.69.73.79"
        }
    },
    {
        "ip": "154.70.107.81",
        "port": 3128,
        "geolocation": {
            "status": "success",
            "country": "Cameroon",
            "countryCode": "CM",
            "region": "LT",
            "regionName": "Littoral",
            "city": "Douala",
            "zip": "",
            "lat": 4.0505,
            "lon": 9.7023,
            "timezone": "Africa/Douala",
            "isp": "MTN Network Solutions (Cameroon)",
            "org": "Mtnc Corporate",
            "as": "AS30992 MTN Network Solutions (Cameroon)",
            "query": "154.70.107.81"
        }
    },
    {
        "ip": "201.71.2.181",
        "port": 999,
        "geolocation": {
            "status": "success",
            "country": "Venezuela",
            "countryCode": "VE",
            "region": "A",
            "regionName": "Distrito Federal",
            "city": "Caracas",
            "zip": "",
            "lat": 10.4873,
            "lon": -66.8738,
            "timezone": "America/Caracas",
            "isp": "Level 3 Communications, Inc.",
            "org": "Inversiones FAROCA",
            "as": "AS3549 Level 3 Parent, LLC",
            "query": "201.71.2.181"
        }
    },
    {
        "ip": "45.79.122.208",
        "port": 3128,
        "geolocation": {
            "status": "success",
            "country": "India",
            "countryCode": "IN",
            "region": "MH",
            "regionName": "Maharashtra",
            "city": "Mumbai",
            "zip": "400070",
            "lat": 19.0748,
            "lon": 72.8856,
            "timezone": "Asia/Kolkata",
            "isp": "Akamai Technologies, Inc.",
            "org": "Linode",
            "as": "AS63949 Akamai Connected Cloud",
            "query": "45.79.122.208"
        }
    },
    {
        "ip": "201.182.251.142",
        "port": 999,
        "geolocation": {
            "status": "success",
            "country": "Colombia",
            "countryCode": "CO",
            "region": "NAR",
            "regionName": "Departamento de Narino",
            "city": "Pasto",
            "zip": "520001",
            "lat": 1.2146,
            "lon": -77.2785,
            "timezone": "America/Bogota",
            "isp": "SP SISTEMAS PALACIOS LTDA",
            "org": "SP SISTEMAS PALACIOS LTDA",
            "as": "AS267708 SP SISTEMAS PALACIOS LTDA",
            "query": "201.182.251.142"
        }
    },
    {
        "ip": "103.160.206.83",
        "port": 32650,
        "geolocation": {
            "status": "success",
            "country": "India",
            "countryCode": "IN",
            "region": "UP",
            "regionName": "Uttar Pradesh",
            "city": "Moradabad",
            "zip": "244001",
            "lat": 28.8395,
            "lon": 78.7699,
            "timezone": "Asia/Kolkata",
            "isp": "Moradabad Internet Services Private Limited",
            "org": "Speed Infotech Solutions",
            "as": "AS135182 MORADABAD INTERNET SERVICES PRIVATE LIMITED",
            "query": "103.160.206.83"
        }
    },
    {
        "ip": "128.140.63.196",
        "port": 8080,
        "geolocation": {
            "status": "success",
            "country": "Germany",
            "countryCode": "DE",
            "region": "BY",
            "regionName": "Bavaria",
            "city": "Nuremberg",
            "zip": "90403",
            "lat": 49.4521,
            "lon": 11.0767,
            "timezone": "Europe/Berlin",
            "isp": "Hetzner Online GmbH",
            "org": "Hetzner Online GmbH",
            "as": "AS24940 Hetzner Online GmbH",
            "query": "128.140.63.196"
        }
    },
    {
        "ip": "47.242.3.214",
        "port": 8081,
        "geolocation": {
            "status": "success",
            "country": "Hong Kong",
            "countryCode": "HK",
            "region": "HCW",
            "regionName": "Central and Western District",
            "city": "Hong Kong",
            "zip": "999077",
            "lat": 22.273,
            "lon": 114.1498,
            "timezone": "Asia/Hong_Kong",
            "isp": "Alibaba.com LLC",
            "org": "Hong Kong",
            "as": "AS45102 Alibaba (US) Technology Co., Ltd.",
            "query": "47.242.3.214"
        }
    },
    {
        "ip": "103.76.164.50",
        "port": 3128,
        "geolocation": {
            "status": "success",
            "country": "New Zealand",
            "countryCode": "NZ",
            "region": "AUK",
            "regionName": "Auckland",
            "city": "Auckland",
            "zip": "0600",
            "lat": -36.9113,
            "lon": 174.7002,
            "timezone": "Pacific/Auckland",
            "isp": "Intergrid Group Pty Ltd",
            "org": "Daniel Watson",
            "as": "AS133480 Intergrid Group Pty Ltd",
            "query": "103.76.164.50"
        }
    },
    {
        "ip": "51.159.0.236",
        "port": 3128,
        "geolocation": {
            "status": "success",
            "country": "France",
            "countryCode": "FR",
            "region": "IDF",
            "regionName": "\u00cele-de-France",
            "city": "Paris",
            "zip": "75001",
            "lat": 48.8323,
            "lon": 2.4075,
            "timezone": "Europe/Paris",
            "isp": "SCALEWAY",
            "org": "ONLINE",
            "as": "AS12876 ONLINE S.A.S.",
            "query": "51.159.0.236"
        }
    },
    {
        "ip": "190.61.48.24",
        "port": 999,
        "geolocation": {
            "status": "success",
            "country": "Honduras",
            "countryCode": "HN",
            "region": "AT",
            "regionName": "Atl\u00e1ntida Department",
            "city": "Atenas de San Crist\u00f3bal",
            "zip": "",
            "lat": 15.6833,
            "lon": -87.3167,
            "timezone": "America/Tegucigalpa",
            "isp": "Ufinet Panama S.A.",
            "org": "Ufinet Honduras, S. A",
            "as": "AS52468 UFINET PANAMA S.A.",
            "query": "190.61.48.24"
        }
    },
    {
        "ip": "14.140.131.82",
        "port": 3128,
        "geolocation": {
            "status": "success",
            "country": "India",
            "countryCode": "IN",
            "region": "GJ",
            "regionName": "Gujarat",
            "city": "Ahmedabad",
            "zip": "380008",
            "lat": 23.0276,
            "lon": 72.5871,
            "timezone": "Asia/Kolkata",
            "isp": "Tata Communications Limited",
            "org": "Tata Communications Limited",
            "as": "AS4755 TATA Communications formerly VSNL is Leading ISP",
            "query": "14.140.131.82"
        }
    },
    {
        "ip": "217.146.217.178",
        "port": 3128,
        "geolocation": {
            "status": "success",
            "country": "Iran",
            "countryCode": "IR",
            "region": "23",
            "regionName": "Tehran",
            "city": "Tehran",
            "zip": "",
            "lat": 35.7108,
            "lon": 51.4274,
            "timezone": "Asia/Tehran",
            "isp": "Tose'h Fanavari Ertebabat Pasargad Arian Co. PJS",
            "org": "Fanaptelecom Network",
            "as": "AS24631 Tose'h Fanavari Ertebabat Pasargad Arian Co. PJS",
            "query": "217.146.217.178"
        }
    },
    {
        "ip": "103.168.44.41",
        "port": 9191,
        "geolocation": {
            "status": "success",
            "country": "Indonesia",
            "countryCode": "ID",
            "region": "JT",
            "regionName": "Central Java",
            "city": "Semarang",
            "zip": "",
            "lat": -6.9932,
            "lon": 110.4215,
            "timezone": "Asia/Jakarta",
            "isp": "PT CYB Media Group",
            "org": "CYB",
            "as": "AS142307 PT CYB Media Group",
            "query": "103.168.44.41"
        }
    },
    {
        "ip": "103.148.39.42",
        "port": 84,
        "geolocation": {
            "status": "success",
            "country": "India",
            "countryCode": "IN",
            "region": "KA",
            "regionName": "Karnataka",
            "city": "Bengaluru",
            "zip": "560002",
            "lat": 12.9634,
            "lon": 77.5855,
            "timezone": "Asia/Kolkata",
            "isp": "Broadway Communication Pvt Ltd",
            "org": "Broadway Communication Pvt Ltd",
            "as": "AS139564 Broadway Communication Pvt Ltd",
            "query": "103.148.39.42"
        }
    },
    {
        "ip": "72.14.191.110",
        "port": 8080,
        "geolocation": {
            "status": "success",
            "country": "United States",
            "countryCode": "US",
            "region": "TX",
            "regionName": "Texas",
            "city": "Richardson",
            "zip": "75081",
            "lat": 32.9473,
            "lon": -96.7028,
            "timezone": "America/Chicago",
            "isp": "Akamai Technologies, Inc.",
            "org": "Linode",
            "as": "AS63949 Akamai Connected Cloud",
            "query": "72.14.191.110"
        }
    },
    {
        "ip": "88.255.102.105",
        "port": 8080,
        "geolocation": {
            "status": "success",
            "country": "Turkey",
            "countryCode": "TR",
            "region": "34",
            "regionName": "Istanbul",
            "city": "Istanbul",
            "zip": "34379",
            "lat": 41.0479,
            "lon": 28.9773,
            "timezone": "Europe/Istanbul",
            "isp": "TurkTelekom",
            "org": "",
            "as": "AS9121 Turk Telekomunikasyon Anonim Sirketi",
            "query": "88.255.102.105"
        }
    },
    {
        "ip": "103.181.245.146",
        "port": 8080,
        "geolocation": {
            "status": "success",
            "country": "Indonesia",
            "countryCode": "ID",
            "region": "JK",
            "regionName": "Jakarta",
            "city": "Jakarta",
            "zip": "",
            "lat": -6.24252,
            "lon": 106.857,
            "timezone": "Asia/Jakarta",
            "isp": "PT Indonesia Comnets Plus",
            "org": "PT Komunikasi Cepat Indonesia",
            "as": "AS9341 PT Indonesia Comnets Plus",
            "query": "103.181.245.146"
        }
    },
    {
        "ip": "200.105.215.22",
        "port": 33630,
        "geolocation": {
            "status": "success",
            "country": "Bolivia",
            "countryCode": "BO",
            "region": "L",
            "regionName": "La Paz Department",
            "city": "La Paz",
            "zip": "",
            "lat": -16.5002,
            "lon": -68.1493,
            "timezone": "America/La_Paz",
            "isp": "AXS Bolivia S. A.",
            "org": "AXS Bolivia S. A",
            "as": "AS26210 AXS Bolivia S. A.",
            "query": "200.105.215.22"
        }
    },
    {
        "ip": "186.121.235.220",
        "port": 8080,
        "geolocation": {
            "status": "success",
            "country": "Bolivia",
            "countryCode": "BO",
            "region": "L",
            "regionName": "La Paz Department",
            "city": "La Paz",
            "zip": "",
            "lat": -16.5002,
            "lon": -68.1493,
            "timezone": "America/La_Paz",
            "isp": "AXS Bolivia S. A.",
            "org": "AXS Bolivia S. A",
            "as": "AS26210 AXS Bolivia S. A.",
            "query": "186.121.235.220"
        }
    },
    {
        "ip": "200.155.142.98",
        "port": 8080,
        "geolocation": {
            "status": "success",
            "country": "Brazil",
            "countryCode": "BR",
            "region": "SP",
            "regionName": "Sao Paulo",
            "city": "S\u00e3o Paulo",
            "zip": "01000",
            "lat": -23.6283,
            "lon": -46.6409,
            "timezone": "America/Sao_Paulo",
            "isp": "Telium Telecomunica\u00d4\u00d4es Ltda",
            "org": "Telium Telecomunica\u00e7\u00f5es Ltda",
            "as": "AS11432 Telium Telecomunica\u00e7\u00f5es Ltda",
            "query": "200.155.142.98"
        }
    },
    {
        "ip": "188.166.252.42",
        "port": 8080,
        "geolocation": {
            "status": "success",
            "country": "Singapore",
            "countryCode": "SG",
            "region": "05",
            "regionName": "South West",
            "city": "Singapore",
            "zip": "627753",
            "lat": 1.32123,
            "lon": 103.695,
            "timezone": "Asia/Singapore",
            "isp": "DigitalOcean, LLC",
            "org": "Digitalocean",
            "as": "AS14061 DigitalOcean, LLC",
            "query": "188.166.252.42"
        }
    },
    {
        "ip": "158.160.56.149",
        "port": 8080,
        "geolocation": {
            "status": "success",
            "country": "Russia",
            "countryCode": "RU",
            "region": "MOW",
            "regionName": "Moscow",
            "city": "Moscow",
            "zip": "121099",
            "lat": 55.7483,
            "lon": 37.6171,
            "timezone": "Europe/Moscow",
            "isp": "Yandex.Cloud LLC",
            "org": "Yandex.Cloud LLC",
            "as": "AS200350 Yandex.Cloud LLC",
            "query": "158.160.56.149"
        }
    },
    {
        "ip": "85.50.139.97",
        "port": 55443,
        "geolocation": {
            "status": "success",
            "country": "Spain",
            "countryCode": "ES",
            "region": "VC",
            "regionName": "Valencia",
            "city": "Alicante",
            "zip": "03009",
            "lat": 38.342,
            "lon": -0.4825,
            "timezone": "Europe/Madrid",
            "isp": "Uni2 1",
            "org": "",
            "as": "AS12479 Orange Espagne SA",
            "query": "85.50.139.97"
        }
    },
    {
        "ip": "103.170.22.50",
        "port": 8089,
        "geolocation": {
            "status": "success",
            "country": "Indonesia",
            "countryCode": "ID",
            "region": "JT",
            "regionName": "Central Java",
            "city": "Cilacap",
            "zip": "",
            "lat": -7.7311,
            "lon": 109.0171,
            "timezone": "Asia/Jakarta",
            "isp": "PT Puskomedia Indonesia Kreatif",
            "org": "PT Puskomedia Indonesia Kreatif",
            "as": "AS141123 PT Puskomedia Indonesia Kreatif",
            "query": "103.170.22.50"
        }
    },
    {
        "ip": "8.219.97.248",
        "port": 80,
        "geolocation": {
            "status": "success",
            "country": "Singapore",
            "countryCode": "SG",
            "region": "03",
            "regionName": "North West",
            "city": "Singapore",
            "zip": "858877",
            "lat": 1.35208,
            "lon": 103.82,
            "timezone": "Asia/Singapore",
            "isp": "Alibaba (US) Technology Co., Ltd.",
            "org": "Alibaba.com Singapore E-Commerce Private Limited",
            "as": "AS45102 Alibaba (US) Technology Co., Ltd.",
            "query": "8.219.97.248"
        }
    },
    {
        "ip": "103.48.68.106",
        "port": 83,
        "geolocation": {
            "status": "success",
            "country": "India",
            "countryCode": "IN",
            "region": "TG",
            "regionName": "Telangana",
            "city": "Hyderabad",
            "zip": "500008",
            "lat": 17.411,
            "lon": 78.4487,
            "timezone": "Asia/Kolkata",
            "isp": "Country Online Services PVT LTD",
            "org": "Country Online Services PVT LTD",
            "as": "AS17754 Excellmedia",
            "query": "103.48.68.106"
        }
    },
    {
        "ip": "202.93.114.43",
        "port": 8080,
        "geolocation": {
            "status": "success",
            "country": "Indonesia",
            "countryCode": "ID",
            "region": "JK",
            "regionName": "Jakarta",
            "city": "Jakarta",
            "zip": "",
            "lat": -6.19086,
            "lon": 106.798,
            "timezone": "Asia/Jakarta",
            "isp": "PT Asia Akses Utama",
            "org": "",
            "as": "AS23696 PT Asia Akses Utama",
            "query": "202.93.114.43"
        }
    },
    {
        "ip": "190.124.166.228",
        "port": 999,
        "geolocation": {
            "status": "success",
            "country": "Honduras",
            "countryCode": "HN",
            "region": "CR",
            "regionName": "Cort\u00e9s Department",
            "city": "San Pedro Sula",
            "zip": "",
            "lat": 15.4967,
            "lon": -88.0338,
            "timezone": "America/Tegucigalpa",
            "isp": "Redes y Telecomunicaciones",
            "org": "GRUPO MULTICABLES DE CORTES S.R.L de C.V",
            "as": "AS27932 Redes y Telecomunicaciones",
            "query": "190.124.166.228"
        }
    },
    {
        "ip": "20.99.187.69",
        "port": 8443,
        "geolocation": {
            "status": "success",
            "country": "United States",
            "countryCode": "US",
            "region": "WA",
            "regionName": "Washington",
            "city": "Quincy",
            "zip": "98848",
            "lat": 47.233,
            "lon": -119.852,
            "timezone": "America/Los_Angeles",
            "isp": "Microsoft Corporation",
            "org": "Microsoft Azure Cloud (westus2)",
            "as": "AS8075 Microsoft Corporation",
            "query": "20.99.187.69"
        }
    },
    {
        "ip": "177.93.45.154",
        "port": 999,
        "geolocation": {
            "status": "success",
            "country": "Colombia",
            "countryCode": "CO",
            "region": "BOY",
            "regionName": "Departamento de Boyaca",
            "city": "Tunja",
            "zip": "150002",
            "lat": 5.5386,
            "lon": -73.3714,
            "timezone": "America/Bogota",
            "isp": "TV AZTECA SUCURSAL COLOMBIA",
            "org": "TV AZTECA SUCURSAL COLOMBIA",
            "as": "AS262186 TV AZTECA SUCURSAL COLOMBIA",
            "query": "177.93.45.154"
        }
    },
    {
        "ip": "179.108.209.234",
        "port": 8080,
        "geolocation": {
            "status": "success",
            "country": "Brazil",
            "countryCode": "BR",
            "region": "MG",
            "regionName": "Minas Gerais",
            "city": "Lagoa Dourada",
            "zip": "36345",
            "lat": -20.9098,
            "lon": -44.0622,
            "timezone": "America/Sao_Paulo",
            "isp": "Conecta Ltda.",
            "org": "Conecta Ltda",
            "as": "AS262691 CONECTA LTDA.",
            "query": "179.108.209.234"
        }
    },
    {
        "ip": "103.174.45.58",
        "port": 8080,
        "geolocation": {
            "status": "success",
            "country": "Bangladesh",
            "countryCode": "BD",
            "region": "D",
            "regionName": "Khulna Division",
            "city": "Khulna",
            "zip": "9100",
            "lat": 22.8159,
            "lon": 89.566,
            "timezone": "Asia/Dhaka",
            "isp": "GLOBALVOICECOM",
            "org": "",
            "as": "AS147179 Global Voice.Com",
            "query": "103.174.45.58"
        }
    },
    {
        "ip": "138.117.181.247",
        "port": 5566,
        "geolocation": {
            "status": "success",
            "country": "Brazil",
            "countryCode": "BR",
            "region": "BA",
            "regionName": "Bahia",
            "city": "Conceicao do Coite",
            "zip": "48730",
            "lat": -11.6272,
            "lon": -39.1934,
            "timezone": "America/Bahia",
            "isp": "Digital Telecomunica\u00e7\u00f5es Ltda-Me",
            "org": "Digital Telecomunica\u00e7\u00f5es Ltda-Me",
            "as": "AS264239 Digital Telecomunica\u00e7\u00f5es Ltda-Me",
            "query": "138.117.181.247"
        }
    },
    {
        "ip": "181.39.35.3",
        "port": 999,
        "geolocation": {
            "status": "success",
            "country": "Ecuador",
            "countryCode": "EC",
            "region": "G",
            "regionName": "Provincia del Guayas",
            "city": "Guayaquil",
            "zip": "",
            "lat": -2.1962,
            "lon": -79.8862,
            "timezone": "America/Guayaquil",
            "isp": "Telconet S.A",
            "org": "Clientes Guayaquil",
            "as": "AS27947 Telconet S.A",
            "query": "181.39.35.3"
        }
    },
    {
        "ip": "65.109.175.185",
        "port": 8080,
        "geolocation": {
            "status": "success",
            "country": "Finland",
            "countryCode": "FI",
            "region": "18",
            "regionName": "Uusimaa",
            "city": "Helsinki",
            "zip": "00131",
            "lat": 60.1797,
            "lon": 24.9344,
            "timezone": "Europe/Helsinki",
            "isp": "Hetzner Online GmbH",
            "org": "Hetzner Online GmbH",
            "as": "AS24940 Hetzner Online GmbH",
            "query": "65.109.175.185"
        }
    },
    {
        "ip": "113.53.231.133",
        "port": 3129,
        "geolocation": {
            "status": "success",
            "country": "Thailand",
            "countryCode": "TH",
            "region": "72",
            "regionName": "Suphanburi",
            "city": "Ban Pho",
            "zip": "72000",
            "lat": 14.576,
            "lon": 100.0286,
            "timezone": "Asia/Bangkok",
            "isp": "TOT Public Company Limited",
            "org": "Institute of Physical Education - Trang College",
            "as": "AS131293 TOT Public Company Limited",
            "query": "113.53.231.133"
        }
    },
    {
        "ip": "68.183.185.62",
        "port": 80,
        "geolocation": {
            "status": "success",
            "country": "Singapore",
            "countryCode": "SG",
            "region": "05",
            "regionName": "South West",
            "city": "Singapore",
            "zip": "627753",
            "lat": 1.32123,
            "lon": 103.695,
            "timezone": "Asia/Singapore",
            "isp": "DigitalOcean, LLC",
            "org": "DigitalOcean, LLC",
            "as": "AS14061 DigitalOcean, LLC",
            "query": "68.183.185.62"
        }
    },
    {
        "ip": "200.116.198.222",
        "port": 9812,
        "geolocation": {
            "status": "success",
            "country": "Colombia",
            "countryCode": "CO",
            "region": "CAL",
            "regionName": "Caldas Department",
            "city": "Manizales",
            "zip": "170002",
            "lat": 5.072,
            "lon": -75.515,
            "timezone": "America/Bogota",
            "isp": "EPM Telecomunicaciones S.A. E.S.P",
            "org": "RIDUCO SA",
            "as": "AS13489 EPM Telecomunicaciones S.A. E.S.P.",
            "query": "200.116.198.222"
        }
    },
    {
        "ip": "198.69.13.254",
        "port": 9090,
        "geolocation": {
            "status": "success",
            "country": "Yemen",
            "countryCode": "YE",
            "region": "SA",
            "regionName": "Amanat Alasimah",
            "city": "Sanaa",
            "zip": "",
            "lat": 15.3694,
            "lon": 44.191,
            "timezone": "Asia/Aden",
            "isp": "Sprint",
            "org": "SPLK/TELE YEMEN",
            "as": "AS30873 Public Telecommunication Corporation",
            "query": "198.69.13.254"
        }
    },
    {
        "ip": "147.139.168.187",
        "port": 3128,
        "geolocation": {
            "status": "success",
            "country": "Indonesia",
            "countryCode": "ID",
            "region": "JK",
            "regionName": "Jakarta",
            "city": "Jakarta",
            "zip": "",
            "lat": -6.2114,
            "lon": 106.8446,
            "timezone": "Asia/Jakarta",
            "isp": "Alibaba.com LLC",
            "org": "ALICLOUD-ID",
            "as": "AS45102 Alibaba (US) Technology Co., Ltd.",
            "query": "147.139.168.187"
        }
    },
    {
        "ip": "103.69.108.78",
        "port": 8191,
        "geolocation": {
            "status": "success",
            "country": "Philippines",
            "countryCode": "PH",
            "region": "02",
            "regionName": "Cagayan Valley",
            "city": "Santiago",
            "zip": "3311",
            "lat": 16.8835,
            "lon": 121.938,
            "timezone": "Asia/Manila",
            "isp": "CITI Cableworld Inc.",
            "org": "CITI Cableworld Inc",
            "as": "AS131306 CITI Cableworld Inc.",
            "query": "103.69.108.78"
        }
    },
    {
        "ip": "186.166.138.50",
        "port": 999,
        "geolocation": {
            "status": "success",
            "country": "Venezuela",
            "countryCode": "VE",
            "region": "E",
            "regionName": "Barinas",
            "city": "Barinas",
            "zip": "",
            "lat": 8.6311,
            "lon": -70.2079,
            "timezone": "America/Caracas",
            "isp": "TELEFONICA VENEZOLANA, C.A.",
            "org": "TELEFONICA VENEZOLANA, C.A",
            "as": "AS6306 TELEFONICA VENEZOLANA, C.A.",
            "query": "186.166.138.50"
        }
    },
    {
        "ip": "203.150.128.74",
        "port": 8080,
        "geolocation": {
            "status": "success",
            "country": "Thailand",
            "countryCode": "TH",
            "region": "10",
            "regionName": "Bangkok",
            "city": "Vadhana",
            "zip": "10260",
            "lat": 13.7478,
            "lon": 100.567,
            "timezone": "Asia/Bangkok",
            "isp": "Internet Thailand Company Ltd",
            "org": "INEXT Broadband Company Limited",
            "as": "AS4618 Internet Thailand Company Limited",
            "query": "203.150.128.74"
        }
    },
    {
        "ip": "103.159.90.6",
        "port": 8080,
        "geolocation": {
            "status": "success",
            "country": "India",
            "countryCode": "IN",
            "region": "WB",
            "regionName": "West Bengal",
            "city": "Haldia",
            "zip": "721602",
            "lat": 22.0597,
            "lon": 88.1101,
            "timezone": "Asia/Kolkata",
            "isp": "Pegasuswave Private Limited",
            "org": "Pegasuswave Private Limited",
            "as": "AS140148 Pegasuswave Private Limited",
            "query": "103.159.90.6"
        }
    },
    {
        "ip": "92.255.202.78",
        "port": 8080,
        "geolocation": {
            "status": "success",
            "country": "Russia",
            "countryCode": "RU",
            "region": "TA",
            "regionName": "Tatarstan Republic",
            "city": "Kazan\u2019",
            "zip": "420071",
            "lat": 55.7524,
            "lon": 49.1388,
            "timezone": "Europe/Moscow",
            "isp": "CJSC \"ER-Telecom Holding\" Kazan' branch",
            "org": "JSC \"ER-Telecom Holding\" Kazan' Branch",
            "as": "AS41668 JSC \"ER-Telecom Holding\"",
            "query": "92.255.202.78"
        }
    },
    {
        "ip": "181.191.94.126",
        "port": 8999,
        "geolocation": {
            "status": "success",
            "country": "Brazil",
            "countryCode": "BR",
            "region": "PI",
            "regionName": "Piaui",
            "city": "Teresina",
            "zip": "64000",
            "lat": -5.0854,
            "lon": -42.803,
            "timezone": "America/Fortaleza",
            "isp": "Fernanda Danielly Sousa Almeida - Me",
            "org": "Francisco DAS Chagas Informatica Eireli - ME",
            "as": "AS266002 Fernanda Danielly Sousa Almeida - Me",
            "query": "181.191.94.126"
        }
    },
    {
        "ip": "185.49.107.172",
        "port": 8080,
        "geolocation": {
            "status": "success",
            "country": "Iran",
            "countryCode": "IR",
            "region": "23",
            "regionName": "Tehran",
            "city": "Tehran",
            "zip": "",
            "lat": 35.7388,
            "lon": 51.2809,
            "timezone": "Asia/Tehran",
            "isp": "Cooperative Afra ertebatat-e-sabet-e Rasa Co",
            "org": "",
            "as": "AS202391 Cooperative Afra ertebatat-e-sabet-e Rasa Co",
            "query": "185.49.107.172"
        }
    }
]